"post_id","post_date","post_date_gmt","guid__rendered","post_modified","post_modified_gmt","slug","post_status","post_type","link","post_title","post_content","content__protected","post_excerpt","excerpt__protected","post_author","featured_media","comment_status","ping_status","sticky","template","format","meta__spay_email","meta__jetpack_publicize_message","categories__-","tags__001","tags__002","tags__003","tags__004","tags__005","tags__006","tags__007","tags__008","tags__009","jetpack_featured_media_url","jetpack_shortlink","_links__|","_links__|__name","_links__|__taxonomy","_links__|__id","_links__|__count","_links__|__embeddable","_links__|__href","_links__|__templated"
"247525","2020-06-11T15:56:54","2020-06-11T20:56:54","https://fernandafamiliar.soy/?p=247525","2020-06-11T15:57:01","2020-06-11T20:57:01","se-desvanece-en-farmacia-y-ambulancia-covid-19-le-asiste","publish","post","https://fernandafamiliar.soy/noticias/nacional/se-desvanece-en-farmacia-y-ambulancia-covid-19-le-asiste/","Se desvanece en farmacia y ambulancia COVID-19 le asiste","<p>El pasado miércoles se recibió una solicitud de auxilio al sistema estatal de emergencias de Coahuila, donde se mencionó que una mujer con fuertes síntomas de COVID-19 se había desmayado a las puertas de una farmacia de Torreón.</p><p>De esta forma, se desató una intensa movilización policiaca al oriente de la ciudad; elementos de auxilio se trasladaron junto a una ambulancia para recoger a la mujer sin conocimiento. Tras el chequeo se verificó que contaba con pulso, fue introducida a la cápsula y trasladada a un hospital.</p><p>Según información publicada por <em>El Sol de La Laguna</em>, las personas que fueron testigo de lo hechos señalaron que la mujer llegó tosiendo y con dificultad para caminar, cuando se le cuestionó sobre qué buscaba se desmayó, por lo que los empleados pidieron la presencia de las autoridades de salud.</p><p>Elementos designados sanitizaron la farmacia y el lugar donde la mujer habría perdido el conocimiento, sin embargo, abría tenido contacto con varias personas.</p>","False","<p>El pasado miércoles se recibió una solicitud de auxilio al sistema estatal de emergencias de Coahuila&#8230;</p>","False","85","247526","open","open","False","","standard","","","14153","","","","","","","","","","https://fernandafamiliar.soy/wp-content/uploads/2020/06/tbel-abuseridze-eBW1nlFdZFw-unsplash-scaled.jpg","https://wp.me/p794bQ-12ol","self","","","","","","https://fernandafamiliar.soy/wp-json/wp/v2/posts/247525",""
"","","","","","","","","","","","","","","","","","","","","","","","","","","","","","","","","","","","","collection","","","","","","https://fernandafamiliar.soy/wp-json/wp/v2/posts",""
"","","","","","","","","","","","","","","","","","","","","","","","","","","","","","","","","","","","","about","","","","","","https://fernandafamiliar.soy/wp-json/wp/v2/types/post",""
"","","","","","","","","","","","","","","","","","","","","","","","","","","","","","","","","","","","","author","","","","","True","https://fernandafamiliar.soy/wp-json/wp/v2/users/85",""
"","","","","","","","","","","","","","","","","","","","","","","","","","","","","","","","","","","","","replies","","","","","True","https://fernandafamiliar.soy/wp-json/wp/v2/comments?post=247525",""
"","","","","","","","","","","","","","","","","","","","","","","","","","","","","","","","","","","","","version-history","","","","2","","https://fernandafamiliar.soy/wp-json/wp/v2/posts/247525/revisions",""
"","","","","","","","","","","","","","","","","","","","","","","","","","","","","","","","","","","","","predecessor-version","","","247528","","","https://fernandafamiliar.soy/wp-json/wp/v2/posts/247525/revisions/247528",""
"","","","","","","","","","","","","","","","","","","","","","","","","","","","","","","","","","","","","wp:featuredmedia","","","","","True","https://fernandafamiliar.soy/wp-json/wp/v2/media/247526",""
"","","","","","","","","","","","","","","","","","","","","","","","","","","","","","","","","","","","","wp:attachment","","","","","","https://fernandafamiliar.soy/wp-json/wp/v2/media?parent=247525",""
"","","","","","","","","","","","","","","","","","","","","","","","","","","","","","","","","","","","","wp:term","","category","","","True","https://fernandafamiliar.soy/wp-json/wp/v2/categories?post=247525",""
"","","","","","","","","","","","","","","","","","","","","","","","","","","","","","","","","","","","","","","post_tag","","","True","https://fernandafamiliar.soy/wp-json/wp/v2/tags?post=247525",""
"","","","","","","","","","","","","","","","","","","","","","","","","","","","","","","","","","","","","curies","wp","","","","","https://api.w.org/{rel}","True"
"247521","2020-06-11T15:25:43","2020-06-11T20:25:43","https://fernandafamiliar.soy/?p=247521","2020-06-11T15:25:49","2020-06-11T20:25:49","eres-fan-de-hugo-lopez-gatell-ya-salio-el-muneco-tejido-con-su-imagen","publish","post","https://fernandafamiliar.soy/noticias/el-mejor-buscador-de-internet/eres-fan-de-hugo-lopez-gatell-ya-salio-el-muneco-tejido-con-su-imagen/","¿Eres fan de Hugo López-Gatell? ¡Ya salió el muñeco tejido con su imagen!","<p>Hugo López-Gatell, subsecretario de Prevención y Promoción de la Salud, el llamado «Rockstar inesperado de la 4T», al momento, podemos decir, que es el personaje que más ha llamado la atención, dentro del gabinete de la 4T, hay quienes incluso docen que ya es un personaje casi de culto.</p><p>Pues ahora, desde Toluca para el mundo, y para todos sus fans, llega el único, maravilloso, sensacional y tierno&#8230; ¡Muñeco tejido con la imagen de López-Gatell!; así como lo escuchas (lees), totalmente hecho por manos mexicanas, este souvenir que ya se volvió viral, se puede conseguir por facebook.</p><p>Ana Gabriela Granados, es el nombre de la joven emprendedora, quien en su página de Facebook: «Anana Aranitas Tejedoras», puso a la venta el curioso personaje, y dijo:&nbsp;«Nuestra nueva creación LÓPEZ GATELL, en estos tiempos de pandemia que se ha vuelto tan famoso, ahora forma parte de nuestra colección de artesanías»&#8230;»El muñeco está elaborado con hilaza de algodón y tengo dos tamaños, uno de 15 y otro de 30 centímetros; con el primero tardo como 3 y en el segundo unos 6 días en elaborarlo»&nbsp;</p><p>Según su creadora, el muñeco de Gatell (el tejido), se ha convertido en todo un éxito y así agradeció a las personas que han pedido un ejemplar:&nbsp;“Las arañitas tejedoras agradecemos a quienes han confiado en nuestro trabajo y han hecho posible este hermoso proyecto. Cuídense mucho y como dice nuestro epidemiólogo López Gatell “quédense en casa”, dice el agradecimiento en la página, la cual te dejamos abajo para que puedas visitarla.</p><figure class=""wp-block-embed-facebook wp-block-embed is-type-rich is-provider-facebook""><div class=""wp-block-embed__wrapper""><fb:post href=""https://www.facebook.com/ANANAtejido/posts/144357257187722"" data-width=""552""></fb:post></div></figure><p>Acá una entrevista con la creadora</p><figure class=""wp-block-embed-youtube wp-block-embed is-type-video is-provider-youtube wp-embed-aspect-16-9 wp-has-aspect-ratio""><div class=""wp-block-embed__wrapper""><span class=""embed-youtube"" style=""text-align:center; display: block;""><iframe class='youtube-player' width='696' height='392' src='https://www.youtube.com/embed/mVdbICj9lX0?version=3&#038;rel=1&#038;fs=1&#038;autohide=2&#038;showsearch=0&#038;showinfo=1&#038;iv_load_policy=1&#038;wmode=transparent' allowfullscreen='true' style='border:0;'></iframe></span></div></figure>","False","<p>Hugo López-Gatell, subsecretario de Prevención y Promoción de la Salud, el llamado «Rockstar inesperado de la 4T»&#8230;</p>","False","6","247522","open","open","False","","standard","","","25","","","","","","","","","","https://fernandafamiliar.soy/wp-content/uploads/2020/06/Captura-de-Pantalla-2020-06-11-a-las-15.23.45.png","https://wp.me/p794bQ-12oh","self","","","","","","https://fernandafamiliar.soy/wp-json/wp/v2/posts/247521",""
"","","","","","","","","","","","","","","","","","","","","","","","","","","","","","","","","","","","","collection","","","","","","https://fernandafamiliar.soy/wp-json/wp/v2/posts",""
"","","","","","","","","","","","","","","","","","","","","","","","","","","","","","","","","","","","","about","","","","","","https://fernandafamiliar.soy/wp-json/wp/v2/types/post",""
"","","","","","","","","","","","","","","","","","","","","","","","","","","","","","","","","","","","","author","","","","","True","https://fernandafamiliar.soy/wp-json/wp/v2/users/6",""
"","","","","","","","","","","","","","","","","","","","","","","","","","","","","","","","","","","","","replies","","","","","True","https://fernandafamiliar.soy/wp-json/wp/v2/comments?post=247521",""
"","","","","","","","","","","","","","","","","","","","","","","","","","","","","","","","","","","","","version-history","","","","2","","https://fernandafamiliar.soy/wp-json/wp/v2/posts/247521/revisions",""
"","","","","","","","","","","","","","","","","","","","","","","","","","","","","","","","","","","","","predecessor-version","","","247524","","","https://fernandafamiliar.soy/wp-json/wp/v2/posts/247521/revisions/247524",""
"","","","","","","","","","","","","","","","","","","","","","","","","","","","","","","","","","","","","wp:featuredmedia","","","","","True","https://fernandafamiliar.soy/wp-json/wp/v2/media/247522",""
"","","","","","","","","","","","","","","","","","","","","","","","","","","","","","","","","","","","","wp:attachment","","","","","","https://fernandafamiliar.soy/wp-json/wp/v2/media?parent=247521",""
"","","","","","","","","","","","","","","","","","","","","","","","","","","","","","","","","","","","","wp:term","","category","","","True","https://fernandafamiliar.soy/wp-json/wp/v2/categories?post=247521",""
"","","","","","","","","","","","","","","","","","","","","","","","","","","","","","","","","","","","","","","post_tag","","","True","https://fernandafamiliar.soy/wp-json/wp/v2/tags?post=247521",""
"","","","","","","","","","","","","","","","","","","","","","","","","","","","","","","","","","","","","curies","wp","","","","","https://api.w.org/{rel}","True"
"247517","2020-06-11T15:07:10","2020-06-11T20:07:10","https://fernandafamiliar.soy/?p=247517","2020-06-11T15:07:49","2020-06-11T20:07:49","cavan-tumbas-en-playa-de-rio-de-janeiro","publish","post","https://fernandafamiliar.soy/noticias/mundo/cavan-tumbas-en-playa-de-rio-de-janeiro/","¡Cavan tumbas en playa de Río de Janeiro!","<p>Imágenes de personas cavando tumbas en las playas Río de Janeiro, Brasil, han asombrado a propios y extraños. Ocurre que ciudadanos brasileños críticos de la respuesta ambigua de su gobierno a la pandemia del coronavirus cavaron 100 tumbas y clavaron cruces negras en la arena de la playa de Copacabana, este jueves, como un tributo a las cerca de 40,000 personas que han muerto en el país por COVID-19 hasta el momento.</p><p>Las tumbas fueron cavadas durante la noche en la playa frente al elegante Copacabana Hotel en el marco de una protesta montada por la organización no gubernamental Río de Paz.</p><p>Brasil se ha convertido en epicentro de la pandemia del coronavirus, con 39,680 muertes y más de 770,000 casos confirmados hasta el miércoles, el peor brote en el mundo después de Estados Unidos.</p><p>El presidente Jair Bolsonaro ha restado importancia a la gravedad de la pandemia y ha presionado a los gobiernos locales para que levanten las medidas de cuarentena, enviando señales contradictorias a los brasileños sobre si deben usar máscaras y practicar la distancia social.</p><p>«El presidente no se ha dado cuenta de que esta es una de las crisis más dramáticas en la historia de Brasil», dijo el organizador Antonio Carlos Costa, quien criticó a Bolsonaro por no mostrar solidaridad con quienes sufren la pandemia.</p><p>«Las familias están llorando a miles de muertos, y hay desempleo y hambre», afirmó.</p><p>No todos estuvieron de acuerdo con la protesta.</p><p>Un hombre molesto arrancaba las cruces y gritaba contra el tributo simbólico. Otro hombre, que afirmó que su hijo de 25 años murió de COVID-19, iba reemplazando las cruces caídas.</p><p>«Es una gran tragedia», dijo la transeúnte Marcia Lucia Dias. «Es aterrador ver las cruces. Pero esto está pasando realmente. Nuestras autoridades se contradicen y no sabemos qué hacer».</p><figure class=""wp-block-embed-twitter wp-block-embed is-type-rich is-provider-twitter""><div class=""wp-block-embed__wrapper""><blockquote class=""twitter-tweet"" data-width=""550"" data-dnt=""true""><p lang=""es"" dir=""ltr"">Así amanece hoy la famosa playa de <a href=""https://twitter.com/hashtag/Copacabana?src=hash&amp;ref_src=twsrc%5Etfw"">#Copacabana</a> en Río de Janeiro. <br><br>Cavan 100 tumbas simbólicas en la orilla para protestar contra la gestión del gobierno de <a href=""https://twitter.com/jairbolsonaro?ref_src=twsrc%5Etfw"">@jairbolsonaro</a> durante la pandemia<a href=""https://twitter.com/hashtag/Brasil?src=hash&amp;ref_src=twsrc%5Etfw"">#Brasil</a>🇧🇷 alcanza ya los 40 mil muertos por <a href=""https://twitter.com/hashtag/COVID19?src=hash&amp;ref_src=twsrc%5Etfw"">#COVID19</a><br><br>Video: <a href=""https://twitter.com/riodepaz?ref_src=twsrc%5Etfw"">@riodepaz</a> <a href=""https://t.co/XOkFJ8vMWg"">pic.twitter.com/XOkFJ8vMWg</a></p>&mdash; Luis De Jesús 🇵🇷 (@ldejesusreyes) <a href=""https://twitter.com/ldejesusreyes/status/1271046529747386368?ref_src=twsrc%5Etfw"">June 11, 2020</a></blockquote><script async src=""https://platform.twitter.com/widgets.js"" charset=""utf-8""></script></div></figure><p><em>Información de Reuters</em></p>","False","<p>Imágenes de personas cavando tumbas en las playas Río de Janeiro, Brasil, han asombrado a propios&#8230;</p>","False","85","247518","open","open","False","","standard","","","14155","638","4845","24892","24893","3265","","","","","https://fernandafamiliar.soy/wp-content/uploads/2020/06/Captura-de-Pantalla-2020-06-11-a-las-15.03.02.png","https://wp.me/p794bQ-12od","self","","","","","","https://fernandafamiliar.soy/wp-json/wp/v2/posts/247517",""
"","","","","","","","","","","","","","","","","","","","","","","","","","","","","","","","","","","","","collection","","","","","","https://fernandafamiliar.soy/wp-json/wp/v2/posts",""
"","","","","","","","","","","","","","","","","","","","","","","","","","","","","","","","","","","","","about","","","","","","https://fernandafamiliar.soy/wp-json/wp/v2/types/post",""
"","","","","","","","","","","","","","","","","","","","","","","","","","","","","","","","","","","","","author","","","","","True","https://fernandafamiliar.soy/wp-json/wp/v2/users/85",""
"","","","","","","","","","","","","","","","","","","","","","","","","","","","","","","","","","","","","replies","","","","","True","https://fernandafamiliar.soy/wp-json/wp/v2/comments?post=247517",""
"","","","","","","","","","","","","","","","","","","","","","","","","","","","","","","","","","","","","version-history","","","","2","","https://fernandafamiliar.soy/wp-json/wp/v2/posts/247517/revisions",""
"","","","","","","","","","","","","","","","","","","","","","","","","","","","","","","","","","","","","predecessor-version","","","247520","","","https://fernandafamiliar.soy/wp-json/wp/v2/posts/247517/revisions/247520",""
"","","","","","","","","","","","","","","","","","","","","","","","","","","","","","","","","","","","","wp:featuredmedia","","","","","True","https://fernandafamiliar.soy/wp-json/wp/v2/media/247518",""
"","","","","","","","","","","","","","","","","","","","","","","","","","","","","","","","","","","","","wp:attachment","","","","","","https://fernandafamiliar.soy/wp-json/wp/v2/media?parent=247517",""
"","","","","","","","","","","","","","","","","","","","","","","","","","","","","","","","","","","","","wp:term","","category","","","True","https://fernandafamiliar.soy/wp-json/wp/v2/categories?post=247517",""
"","","","","","","","","","","","","","","","","","","","","","","","","","","","","","","","","","","","","","","post_tag","","","True","https://fernandafamiliar.soy/wp-json/wp/v2/tags?post=247517",""
"","","","","","","","","","","","","","","","","","","","","","","","","","","","","","","","","","","","","curies","wp","","","","","https://api.w.org/{rel}","True"
"247515","2020-06-11T14:51:16","2020-06-11T19:51:16","https://fernandafamiliar.soy/?p=247515","2020-06-11T14:51:23","2020-06-11T19:51:23","empresarios-contra-incremento-en-tarifas-de-transmision-electrica","publish","post","https://fernandafamiliar.soy/noticias/nacional/empresarios-contra-incremento-en-tarifas-de-transmision-electrica/","Empresarios contra incremento en tarifas de transmisión eléctrica","<p>Empresarios mexicanos alertaron el jueves que el reciente incremento a las tarifas impuesto por las autoridades a los servicios de transmisión eléctrica en el sector de las renovables, que estimaron en entre un 500% y un 900%, va a ser difícil de soportar para las compañías del sector.</p><p>A finales de mayo la Comisión Reguladora de Energía (CRE) anunció el aumento de los precios y detalló que será aplicado a las firmas con contratos suscritos con la estatal Comisión Federal de Electricidad (CFE) previo a una profunda reforma energética realizada entre 2013 y 2014.</p><p>Antes, el Gobierno había desatado quejas por cambiar las reglas de juego cuando modificó un esquema que promueve la generación de energía limpia al permitir que también participen centrales hidroeléctricas viejas de la CFE. Varias compañías presentaron recursos legales contra la medida.</p><p>El jueves, el influyente Consejo Coordinador Empresarial (CCE), que ya había criticado esas acciones por vulnerar la seguridad jurídica en la segunda mayor economía de América Latina, dijo en un comunicado que la subida tarifaria es «ilegal e inadmisible» y advirtió que el sector productivo del país, industrial y comercial, sería el primero en recibir el impacto.</p><p>El CCE denunció que el alza de precios, bautizada como «electrolinazo», se ha dado «en un contexto de opacidad» y «no siguió el proceso de consulta pública y análisis costo-beneficio que manda la Ley Federal de Mejora Regulatoria, previo a aplicar los cambios regulatorios».</p><p>El presidente Andrés Manuel López Obrador reivindica un mayor papel del Estado en la política energética, al considerar que la reforma de hace poco más de un lustro, que abrió el sector a empresas privadas y fomentó el uso de energía verde, puso en desventaja a CFE y a la también estatal Petróleos Mexicanos (Pemex).<br><br><em>Información de Reuters</em></p>","False","<p>Empresarios mexicanos alertaron el jueves que el reciente incremento a las tarifas impuesto por las autoridades a los servicios de transmisión&#8230;</p>","False","85","226950","open","open","False","","standard","","","14153","1010","24890","3264","24891","182","24889","","","","https://fernandafamiliar.soy/wp-content/uploads/2019/03/CFE.jpg","https://wp.me/p794bQ-12ob","self","","","","","","https://fernandafamiliar.soy/wp-json/wp/v2/posts/247515",""
"","","","","","","","","","","","","","","","","","","","","","","","","","","","","","","","","","","","","collection","","","","","","https://fernandafamiliar.soy/wp-json/wp/v2/posts",""
"","","","","","","","","","","","","","","","","","","","","","","","","","","","","","","","","","","","","about","","","","","","https://fernandafamiliar.soy/wp-json/wp/v2/types/post",""
"","","","","","","","","","","","","","","","","","","","","","","","","","","","","","","","","","","","","author","","","","","True","https://fernandafamiliar.soy/wp-json/wp/v2/users/85",""
"","","","","","","","","","","","","","","","","","","","","","","","","","","","","","","","","","","","","replies","","","","","True","https://fernandafamiliar.soy/wp-json/wp/v2/comments?post=247515",""
"","","","","","","","","","","","","","","","","","","","","","","","","","","","","","","","","","","","","version-history","","","","1","","https://fernandafamiliar.soy/wp-json/wp/v2/posts/247515/revisions",""
"","","","","","","","","","","","","","","","","","","","","","","","","","","","","","","","","","","","","predecessor-version","","","247516","","","https://fernandafamiliar.soy/wp-json/wp/v2/posts/247515/revisions/247516",""
"","","","","","","","","","","","","","","","","","","","","","","","","","","","","","","","","","","","","wp:featuredmedia","","","","","True","https://fernandafamiliar.soy/wp-json/wp/v2/media/226950",""
"","","","","","","","","","","","","","","","","","","","","","","","","","","","","","","","","","","","","wp:attachment","","","","","","https://fernandafamiliar.soy/wp-json/wp/v2/media?parent=247515",""
"","","","","","","","","","","","","","","","","","","","","","","","","","","","","","","","","","","","","wp:term","","category","","","True","https://fernandafamiliar.soy/wp-json/wp/v2/categories?post=247515",""
"","","","","","","","","","","","","","","","","","","","","","","","","","","","","","","","","","","","","","","post_tag","","","True","https://fernandafamiliar.soy/wp-json/wp/v2/tags?post=247515",""
"","","","","","","","","","","","","","","","","","","","","","","","","","","","","","","","","","","","","curies","wp","","","","","https://api.w.org/{rel}","True"
"247511","2020-06-11T14:32:23","2020-06-11T19:32:23","https://fernandafamiliar.soy/?p=247511","2020-06-11T14:32:28","2020-06-11T19:32:28","pareja-desempleada-por-covid-19-canta-en-la-calle-para-comprar-leche-a-su-bebe","publish","post","https://fernandafamiliar.soy/noticias/el-mejor-buscador-de-internet/pareja-desempleada-por-covid-19-canta-en-la-calle-para-comprar-leche-a-su-bebe/","Pareja desempleada por COVID-19, canta en la calle, para comprar leche a su bebé","<p>Cientos, quizá miles de familias se quedaron de un día para otro sin ingresos debido a la pandemia que aqueja a México y al mundo, otras más han sufrido por las alzas en los precios, pues lo que ganaban, ahora, ya no les alcanza; así esta crisis económica, ple pegó a la familia Mendoza, quien ahora es víctima del desempleo en Culiacán, Sinaloa.</p><p>A el esposo, lo corrieron de su trabajo y ella antes ponía uñas y planchaba el cabello, pero un día, entraron a la casa de sus suegros y le robaron todas sus herramientas y su equipo, por lo que su situación económica empezó a empeorar en la casa.&nbsp;</p><p>La pareja de esposos, tienen un bebé de brazos, de apenas cinco meses de edad y ya no tenían para comprar el bote de leche para el pequeño, y por la pandemia, se tornó difícil encontrar un nuevo empleo, por lo que decidieron irse a las afueras de un supermercado de su ciudad y ponerse a cantar para con ello, poder ganar dinero y darle de comer a su bebé.</p><p>Este es el video de los papás que no se quedaron con los brazos cruzados e hicieron todo para que su niño tuviera que comer.</p><figure class=""wp-block-embed-facebook wp-block-embed""><div class=""wp-block-embed__wrapper""><div class=""fb-video"" data-allowfullscreen=""true"" data-href=""https://www.facebook.com/watch/?v=257808518637250""></div></div></figure><p>Por si te late apoyar, el bebé usa la leche «NAN Probio AE», pañales etapa 6 y puedes comunicarte al celular 667 372 1548.</p>","False","<p>Cientos, quizá miles de familias se quedaron de un día para otro sin ingresos debido a la pandemia que aqueja a México&#8230;</p>","False","6","247512","open","open","False","","standard","","","25","","","","","","","","","","https://fernandafamiliar.soy/wp-content/uploads/2020/06/Pareja-bebe-PORTADA.png","https://wp.me/p794bQ-12o7","self","","","","","","https://fernandafamiliar.soy/wp-json/wp/v2/posts/247511",""
"","","","","","","","","","","","","","","","","","","","","","","","","","","","","","","","","","","","","collection","","","","","","https://fernandafamiliar.soy/wp-json/wp/v2/posts",""
"","","","","","","","","","","","","","","","","","","","","","","","","","","","","","","","","","","","","about","","","","","","https://fernandafamiliar.soy/wp-json/wp/v2/types/post",""
"","","","","","","","","","","","","","","","","","","","","","","","","","","","","","","","","","","","","author","","","","","True","https://fernandafamiliar.soy/wp-json/wp/v2/users/6",""
"","","","","","","","","","","","","","","","","","","","","","","","","","","","","","","","","","","","","replies","","","","","True","https://fernandafamiliar.soy/wp-json/wp/v2/comments?post=247511",""
"","","","","","","","","","","","","","","","","","","","","","","","","","","","","","","","","","","","","version-history","","","","2","","https://fernandafamiliar.soy/wp-json/wp/v2/posts/247511/revisions",""
"","","","","","","","","","","","","","","","","","","","","","","","","","","","","","","","","","","","","predecessor-version","","","247514","","","https://fernandafamiliar.soy/wp-json/wp/v2/posts/247511/revisions/247514",""
"","","","","","","","","","","","","","","","","","","","","","","","","","","","","","","","","","","","","wp:featuredmedia","","","","","True","https://fernandafamiliar.soy/wp-json/wp/v2/media/247512",""
"","","","","","","","","","","","","","","","","","","","","","","","","","","","","","","","","","","","","wp:attachment","","","","","","https://fernandafamiliar.soy/wp-json/wp/v2/media?parent=247511",""
"","","","","","","","","","","","","","","","","","","","","","","","","","","","","","","","","","","","","wp:term","","category","","","True","https://fernandafamiliar.soy/wp-json/wp/v2/categories?post=247511",""
"","","","","","","","","","","","","","","","","","","","","","","","","","","","","","","","","","","","","","","post_tag","","","True","https://fernandafamiliar.soy/wp-json/wp/v2/tags?post=247511",""
"","","","","","","","","","","","","","","","","","","","","","","","","","","","","","","","","","","","","curies","wp","","","","","https://api.w.org/{rel}","True"
"247506","2020-06-11T14:04:59","2020-06-11T19:04:59","https://fernandafamiliar.soy/?p=247506","2020-06-11T14:15:14","2020-06-11T19:15:14","verificentros-de-cdmx-reabren-el-10-de-agosto","publish","post","https://fernandafamiliar.soy/noticias/cdmx/verificentros-de-cdmx-reabren-el-10-de-agosto/","Verificentros de CDMX reabren el 10 de agosto","<p>Marina Robles García, secretaria del Medio Ambiente de la capital, informó que se espera que el próximo 10 de agosto, si el semáforo de riesgo de la COVID-19 está en verde, reinicie el servicio de verificación vehicular en Ciudad de México.</p><p>En conferencia de prensa, detalló que solo deberán verificar los automóviles que no hayan obtenido su certificado de verificación obligatoria en el primer trimestre del este año.</p><figure class=""wp-block-gallery columns-2 is-cropped""><ul data-carousel-extra='{""blog_id"":1,""permalink"":""https:\/\/fernandafamiliar.soy\/noticias\/cdmx\/verificentros-de-cdmx-reabren-el-10-de-agosto\/""}' class=""blocks-gallery-grid""><li class=""blocks-gallery-item""><figure><img data-attachment-id=""247507"" data-permalink=""https://fernandafamiliar.soy/noticias/cdmx/verificentros-de-cdmx-reabren-el-10-de-agosto/attachment/captura-de-pantalla-2020-06-11-a-las-13-59-45/"" data-orig-file=""https://fernandafamiliar.soy/wp-content/uploads/2020/06/Captura-de-Pantalla-2020-06-11-a-las-13.59.45.png"" data-orig-size=""1428,769"" data-comments-opened=""1"" data-image-meta=""{&quot;aperture&quot;:&quot;0&quot;,&quot;credit&quot;:&quot;&quot;,&quot;camera&quot;:&quot;&quot;,&quot;caption&quot;:&quot;&quot;,&quot;created_timestamp&quot;:&quot;0&quot;,&quot;copyright&quot;:&quot;&quot;,&quot;focal_length&quot;:&quot;0&quot;,&quot;iso&quot;:&quot;0&quot;,&quot;shutter_speed&quot;:&quot;0&quot;,&quot;title&quot;:&quot;&quot;,&quot;orientation&quot;:&quot;0&quot;}"" data-image-title=""Captura-de-Pantalla-2020-06-11-a-las-13.59.45"" data-image-description="""" data-medium-file=""https://fernandafamiliar.soy/wp-content/uploads/2020/06/Captura-de-Pantalla-2020-06-11-a-las-13.59.45-300x162.png"" data-large-file=""https://fernandafamiliar.soy/wp-content/uploads/2020/06/Captura-de-Pantalla-2020-06-11-a-las-13.59.45-1024x551.png"" src=""https://fernandafamiliar.soy/wp-content/uploads/2020/06/Captura-de-Pantalla-2020-06-11-a-las-13.59.45-1024x551.png"" alt="""" data-id=""247507"" data-full-url=""https://fernandafamiliar.soy/wp-content/uploads/2020/06/Captura-de-Pantalla-2020-06-11-a-las-13.59.45.png"" data-link=""https://fernandafamiliar.soy/?attachment_id=247507"" class=""wp-image-247507"" srcset=""https://fernandafamiliar.soy/wp-content/uploads/2020/06/Captura-de-Pantalla-2020-06-11-a-las-13.59.45-1024x551.png 1024w, https://fernandafamiliar.soy/wp-content/uploads/2020/06/Captura-de-Pantalla-2020-06-11-a-las-13.59.45-300x162.png 300w, https://fernandafamiliar.soy/wp-content/uploads/2020/06/Captura-de-Pantalla-2020-06-11-a-las-13.59.45-768x414.png 768w, https://fernandafamiliar.soy/wp-content/uploads/2020/06/Captura-de-Pantalla-2020-06-11-a-las-13.59.45-696x375.png 696w, https://fernandafamiliar.soy/wp-content/uploads/2020/06/Captura-de-Pantalla-2020-06-11-a-las-13.59.45-1068x575.png 1068w, https://fernandafamiliar.soy/wp-content/uploads/2020/06/Captura-de-Pantalla-2020-06-11-a-las-13.59.45-780x420.png 780w, https://fernandafamiliar.soy/wp-content/uploads/2020/06/Captura-de-Pantalla-2020-06-11-a-las-13.59.45.png 1428w"" sizes=""(max-width: 1024px) 100vw, 1024px"" /></figure></li><li class=""blocks-gallery-item""><figure><img data-attachment-id=""247508"" data-permalink=""https://fernandafamiliar.soy/noticias/cdmx/verificentros-de-cdmx-reabren-el-10-de-agosto/attachment/captura-de-pantalla-2020-06-11-a-las-13-59-19/"" data-orig-file=""https://fernandafamiliar.soy/wp-content/uploads/2020/06/Captura-de-Pantalla-2020-06-11-a-las-13.59.19.png"" data-orig-size=""1430,783"" data-comments-opened=""1"" data-image-meta=""{&quot;aperture&quot;:&quot;0&quot;,&quot;credit&quot;:&quot;&quot;,&quot;camera&quot;:&quot;&quot;,&quot;caption&quot;:&quot;&quot;,&quot;created_timestamp&quot;:&quot;0&quot;,&quot;copyright&quot;:&quot;&quot;,&quot;focal_length&quot;:&quot;0&quot;,&quot;iso&quot;:&quot;0&quot;,&quot;shutter_speed&quot;:&quot;0&quot;,&quot;title&quot;:&quot;&quot;,&quot;orientation&quot;:&quot;0&quot;}"" data-image-title=""Captura-de-Pantalla-2020-06-11-a-las-13.59.19"" data-image-description="""" data-medium-file=""https://fernandafamiliar.soy/wp-content/uploads/2020/06/Captura-de-Pantalla-2020-06-11-a-las-13.59.19-300x164.png"" data-large-file=""https://fernandafamiliar.soy/wp-content/uploads/2020/06/Captura-de-Pantalla-2020-06-11-a-las-13.59.19-1024x561.png"" src=""https://fernandafamiliar.soy/wp-content/uploads/2020/06/Captura-de-Pantalla-2020-06-11-a-las-13.59.19-1024x561.png"" alt="""" data-id=""247508"" data-full-url=""https://fernandafamiliar.soy/wp-content/uploads/2020/06/Captura-de-Pantalla-2020-06-11-a-las-13.59.19.png"" data-link=""https://fernandafamiliar.soy/?attachment_id=247508"" class=""wp-image-247508"" srcset=""https://fernandafamiliar.soy/wp-content/uploads/2020/06/Captura-de-Pantalla-2020-06-11-a-las-13.59.19-1024x561.png 1024w, https://fernandafamiliar.soy/wp-content/uploads/2020/06/Captura-de-Pantalla-2020-06-11-a-las-13.59.19-300x164.png 300w, https://fernandafamiliar.soy/wp-content/uploads/2020/06/Captura-de-Pantalla-2020-06-11-a-las-13.59.19-768x421.png 768w, https://fernandafamiliar.soy/wp-content/uploads/2020/06/Captura-de-Pantalla-2020-06-11-a-las-13.59.19-696x381.png 696w, https://fernandafamiliar.soy/wp-content/uploads/2020/06/Captura-de-Pantalla-2020-06-11-a-las-13.59.19-1068x585.png 1068w, https://fernandafamiliar.soy/wp-content/uploads/2020/06/Captura-de-Pantalla-2020-06-11-a-las-13.59.19-767x420.png 767w, https://fernandafamiliar.soy/wp-content/uploads/2020/06/Captura-de-Pantalla-2020-06-11-a-las-13.59.19.png 1430w"" sizes=""(max-width: 1024px) 100vw, 1024px"" /></figure></li></ul></figure><p>Sergio Zirath Hernández, director general de Calidad de Aire, informó que los centros de verificación tomarán las siguientes medidas para su activación:</p><ul><li>El personal de los centro de verificación deberán tomar y aprobar un curso de capacitación llamado “Reconocimiento para un retorno seguro al trabajo anta COVID-19”.</li><li>Habrá una estación sanitaria en el ingreso a los centros de verificación.</li><li>Se limitarán las citas a un máximo de 4 por hora por línea de verificación.</li><li>Se acondicionarán áreas de espera y entrega de resultados.</li><li>El uso de cubrebocas en los centros de verificación será obligatorio.</li><li>Solo se permitirá el acceso a una persona por auto.</li></ul><p>Por su parte, Claudia Sheinbaum, jefa de gobierno de la Ciudad de México, agregó: “No se preocupen por el tema del hoy no circula, porque se amplía la vigencia del holograma que obtuvieron para validar que solamente este años se hace una sola ve la verificación”.</p><figure class=""wp-block-embed-youtube wp-block-embed is-type-video is-provider-youtube wp-embed-aspect-16-9 wp-has-aspect-ratio""><div data-carousel-extra='{""blog_id"":1,""permalink"":""https:\/\/fernandafamiliar.soy\/noticias\/cdmx\/verificentros-de-cdmx-reabren-el-10-de-agosto\/""}' class=""wp-block-embed__wrapper""><span class=""embed-youtube"" style=""text-align:center; display: block;""><iframe class='youtube-player' width='696' height='392' src='https://www.youtube.com/embed/GjN_cKT1DuU?version=3&#038;rel=1&#038;fs=1&#038;autohide=2&#038;showsearch=0&#038;showinfo=1&#038;iv_load_policy=1&#038;wmode=transparent' allowfullscreen='true' style='border:0;'></iframe></span></div></figure>","False","<p>Marina Robles García, secretaria del Medio Ambiente de la capital, informó que se espera que el próximo&#8230;</p>","False","85","247509","open","open","False","","standard","","","12","","","","","","","","","","https://fernandafamiliar.soy/wp-content/uploads/2020/06/a-l-moheR9rdRGY-unsplash-scaled.jpg","https://wp.me/p794bQ-12o2","self","","","","","","https://fernandafamiliar.soy/wp-json/wp/v2/posts/247506",""
"","","","","","","","","","","","","","","","","","","","","","","","","","","","","","","","","","","","","collection","","","","","","https://fernandafamiliar.soy/wp-json/wp/v2/posts",""
"","","","","","","","","","","","","","","","","","","","","","","","","","","","","","","","","","","","","about","","","","","","https://fernandafamiliar.soy/wp-json/wp/v2/types/post",""
"","","","","","","","","","","","","","","","","","","","","","","","","","","","","","","","","","","","","author","","","","","True","https://fernandafamiliar.soy/wp-json/wp/v2/users/85",""
"","","","","","","","","","","","","","","","","","","","","","","","","","","","","","","","","","","","","replies","","","","","True","https://fernandafamiliar.soy/wp-json/wp/v2/comments?post=247506",""
"","","","","","","","","","","","","","","","","","","","","","","","","","","","","","","","","","","","","version-history","","","","1","","https://fernandafamiliar.soy/wp-json/wp/v2/posts/247506/revisions",""
"","","","","","","","","","","","","","","","","","","","","","","","","","","","","","","","","","","","","predecessor-version","","","247510","","","https://fernandafamiliar.soy/wp-json/wp/v2/posts/247506/revisions/247510",""
"","","","","","","","","","","","","","","","","","","","","","","","","","","","","","","","","","","","","wp:featuredmedia","","","","","True","https://fernandafamiliar.soy/wp-json/wp/v2/media/247509",""
"","","","","","","","","","","","","","","","","","","","","","","","","","","","","","","","","","","","","wp:attachment","","","","","","https://fernandafamiliar.soy/wp-json/wp/v2/media?parent=247506",""
"","","","","","","","","","","","","","","","","","","","","","","","","","","","","","","","","","","","","wp:term","","category","","","True","https://fernandafamiliar.soy/wp-json/wp/v2/categories?post=247506",""
"","","","","","","","","","","","","","","","","","","","","","","","","","","","","","","","","","","","","","","post_tag","","","True","https://fernandafamiliar.soy/wp-json/wp/v2/tags?post=247506",""
"","","","","","","","","","","","","","","","","","","","","","","","","","","","","","","","","","","","","curies","wp","","","","","https://api.w.org/{rel}","True"
"247502","2020-06-11T13:35:05","2020-06-11T18:35:05","https://fernandafamiliar.soy/?p=247502","2020-06-11T13:37:42","2020-06-11T18:37:42","tito-charly-perdio-su-trabajo-pero-se-volvio-youtuber","publish","post","https://fernandafamiliar.soy/noticias/el-mejor-buscador-de-internet/tito-charly-perdio-su-trabajo-pero-se-volvio-youtuber/","Tito Charly: perdió su trabajo, pero se volvió &#8216;youtuber&#8217;","<p>Carlos Elizondo un hombre de 79 años, quien antes de la pandemia de COVID-19 trabajaba como empacador en un supermercado de Monterrey, Nuevo León; como muchos otros lugares, las personas de más de 60 años tuvieron que permanecer en casa, por lo que ya no pudo asistir a trabajar, al lugar en el que por cinco horas ganaba hasta 250 pesos.</p><p>Pero Don Carlos, mejor conocido como &#8216;Tito Charly&#8217;, siempre luchón, no se quedó asustado y se abrió un canal de YouTube para compartir sus recetas de cocina, esas que suelen traer recuerdos gratos.</p><p>«Mis hijas me han animado a compartir mis recetas (&#8230;) A mi edad aún creo en que todo se puede lograr, cuando uno hace las cosas con ganas de vivir. ¡Ánimo raza!… No se achicopalen», dice Tito Charly, quien apenas el 28 de Mayo festejaba los 1,000 suscriptores y al día de hoy ya sobrepasa los 50,000. ¡Qué bárbaro!</p><p>“Todavía no me lo creo. Gracias por suscribirse, estoy muy feliz como una lombriz. Esperen nuevas recetas para que puedan disfrutar algo especial, algo a la Tito”, comentó en el festejo.</p><p>Acá el video del festejo de los primeros 1,000:</p><figure class=""wp-block-embed-youtube wp-block-embed is-type-video is-provider-youtube wp-embed-aspect-16-9 wp-has-aspect-ratio""><div class=""wp-block-embed__wrapper""><span class=""embed-youtube"" style=""text-align:center; display: block;""><iframe class='youtube-player' width='696' height='392' src='https://www.youtube.com/embed/eNVszxNg4p8?version=3&#038;rel=1&#038;fs=1&#038;autohide=2&#038;showsearch=0&#038;showinfo=1&#038;iv_load_policy=1&#038;wmode=transparent' allowfullscreen='true' style='border:0;'></iframe></span></div></figure><p>Y si venías por las recetas, en este video hizo dos deliciosas: Queso crema empalizada de carne seca 🥰 y Ceviche de Carne seca 🤩</p><figure class=""wp-block-embed-youtube wp-block-embed is-type-video is-provider-youtube wp-embed-aspect-4-3 wp-has-aspect-ratio""><div class=""wp-block-embed__wrapper""><span class=""embed-youtube"" style=""text-align:center; display: block;""><iframe class='youtube-player' width='696' height='392' src='https://www.youtube.com/embed/evXnuTaCQ98?version=3&#038;rel=1&#038;fs=1&#038;autohide=2&#038;showsearch=0&#038;showinfo=1&#038;iv_load_policy=1&#038;wmode=transparent' allowfullscreen='true' style='border:0;'></iframe></span></div></figure><p>Por cierto, que no se conformó con ser <em>youtuber</em> y se volvió empresario al mismo tiempo, pues se asoció con productores artesanales de carne seca, chorizo y queso, y le produjeron su marca propia llamada Tito Charly, misma que distribuye con gran alegría.</p>","False","<p>Carlos Elizondo un hombre de 79 años, quien antes de la pandemia de COVID-19 trabajaba como empacador en un supermercado&#8230;</p>","False","6","247503","open","open","False","","standard","","","25","24885","23156","24886","19510","24887","1814","14324","446","12326","https://fernandafamiliar.soy/wp-content/uploads/2020/06/Abue-PORTADA.jpg","https://wp.me/p794bQ-12nY","self","","","","","","https://fernandafamiliar.soy/wp-json/wp/v2/posts/247502",""
"","","","","","","","","","","","","","","","","","","","","","","","","","","","","","","","","","","","","collection","","","","","","https://fernandafamiliar.soy/wp-json/wp/v2/posts",""
"","","","","","","","","","","","","","","","","","","","","","","","","","","","","","","","","","","","","about","","","","","","https://fernandafamiliar.soy/wp-json/wp/v2/types/post",""
"","","","","","","","","","","","","","","","","","","","","","","","","","","","","","","","","","","","","author","","","","","True","https://fernandafamiliar.soy/wp-json/wp/v2/users/6",""
"","","","","","","","","","","","","","","","","","","","","","","","","","","","","","","","","","","","","replies","","","","","True","https://fernandafamiliar.soy/wp-json/wp/v2/comments?post=247502",""
"","","","","","","","","","","","","","","","","","","","","","","","","","","","","","","","","","","","","version-history","","","","2","","https://fernandafamiliar.soy/wp-json/wp/v2/posts/247502/revisions",""
"","","","","","","","","","","","","","","","","","","","","","","","","","","","","","","","","","","","","predecessor-version","","","247505","","","https://fernandafamiliar.soy/wp-json/wp/v2/posts/247502/revisions/247505",""
"","","","","","","","","","","","","","","","","","","","","","","","","","","","","","","","","","","","","wp:featuredmedia","","","","","True","https://fernandafamiliar.soy/wp-json/wp/v2/media/247503",""
"","","","","","","","","","","","","","","","","","","","","","","","","","","","","","","","","","","","","wp:attachment","","","","","","https://fernandafamiliar.soy/wp-json/wp/v2/media?parent=247502",""
"","","","","","","","","","","","","","","","","","","","","","","","","","","","","","","","","","","","","wp:term","","category","","","True","https://fernandafamiliar.soy/wp-json/wp/v2/categories?post=247502",""
"","","","","","","","","","","","","","","","","","","","","","","","","","","","","","","","","","","","","","","post_tag","","","True","https://fernandafamiliar.soy/wp-json/wp/v2/tags?post=247502",""
"","","","","","","","","","","","","","","","","","","","","","","","","","","","","","","","","","","","","curies","wp","","","","","https://api.w.org/{rel}","True"
"247494","2020-06-11T12:30:22","2020-06-11T17:30:22","https://fernandafamiliar.soy/?p=247494","2020-06-11T13:15:44","2020-06-11T18:15:44","cofepris-autoriza-acceso-a-tocilizumab-para-tratar-covid-19","publish","post","https://fernandafamiliar.soy/noticias/nacional/cofepris-autoriza-acceso-a-tocilizumab-para-tratar-covid-19/","Cofepris autoriza acceso a Tocilizumab para tratar COVID-19","<p>La Comisión Federal para la Protección contra Riesgos Sanitarios (Cofepris)&nbsp;autorizó el acceso al&nbsp;Tocilizumab,&nbsp;medicamento&nbsp;para&nbsp;tratar a pacientes de COVID-19.</p><p>El fármaco se liberará en aduanas, luego de que el infectólogo en jefe del hospital ABC, Francisco Moreno Sánchez, denunciara su carencia. De acuerdo con el médico, el Tocilizumab es de vital importancia en el tratamiento de pacientes con la enfermedad.</p><p>Un anticuerpo monoclonal que ayuda a inhibir la inflamación de las células, de ahí que se crea que ayuda a que no se inflamen los tejidos pulmonares de paciente COVID-19.</p><p>El infectólogo comentó que el&nbsp;medicamento&nbsp;se usa normalmente en el tratamiento de personas que padecen artritis reumatoide, y sostuvo que en estos momentos&nbsp;hay&nbsp;escasez de, pero que existen cantidades importantes del mismo en aduanas de México, por lo que hizo un llamado a la&nbsp;Cofepris.</p><figure class=""wp-block-embed-twitter wp-block-embed is-type-rich is-provider-twitter""><div class=""wp-block-embed__wrapper""><blockquote class=""twitter-tweet"" data-width=""550"" data-dnt=""true""><p lang=""es"" dir=""ltr"">Por la salud de los mexicanos, necesitamos que <a href=""https://twitter.com/COFEPRIS?ref_src=twsrc%5Etfw"">@COFEPRIS</a> permita la importación de tociluzimab. <a href=""https://twitter.com/hashtag/COVID2019?src=hash&amp;ref_src=twsrc%5Etfw"">#COVID2019</a> <a href=""https://t.co/N2RcnsKCwY"">pic.twitter.com/N2RcnsKCwY</a></p>&mdash; Dr Francisco Moreno Sánchez (@DrPacoMoreno1) <a href=""https://twitter.com/DrPacoMoreno1/status/1270866101128265730?ref_src=twsrc%5Etfw"">June 10, 2020</a></blockquote><script async src=""https://platform.twitter.com/widgets.js"" charset=""utf-8""></script></div><figcaption><br></figcaption></figure><p>Tras conocerse la noticia, el doctor agradeció por la misma vía.</p><figure class=""wp-block-embed-twitter wp-block-embed is-type-rich is-provider-twitter""><div class=""wp-block-embed__wrapper""><blockquote class=""twitter-tweet"" data-width=""550"" data-dnt=""true""><p lang=""es"" dir=""ltr"">Agradezco el apoyo de <a href=""https://twitter.com/lopezobrador_?ref_src=twsrc%5Etfw"">@lopezobrador_</a>  y de <a href=""https://twitter.com/COFEPRIS?ref_src=twsrc%5Etfw"">@COFEPRIS</a> por la rápida liberación del tocilizumab. Vamos México. <a href=""https://t.co/G3dwFwqZPI"">pic.twitter.com/G3dwFwqZPI</a></p>&mdash; Dr Francisco Moreno Sánchez (@DrPacoMoreno1) <a href=""https://twitter.com/DrPacoMoreno1/status/1271114018376298497?ref_src=twsrc%5Etfw"">June 11, 2020</a></blockquote><script async src=""https://platform.twitter.com/widgets.js"" charset=""utf-8""></script></div></figure>","False","<p>La Comisión Federal para la Protección contra Riesgos Sanitarios (Cofepris) autorizó el acceso al Tocilizumab&#8230;</p>","False","85","247498","open","open","False","","standard","","","14153","","","","","","","","","","https://fernandafamiliar.soy/wp-content/uploads/2020/06/Captura-de-Pantalla-2020-06-11-a-las-13.08.14-1.png","https://wp.me/p794bQ-12nQ","self","","","","","","https://fernandafamiliar.soy/wp-json/wp/v2/posts/247494",""
"","","","","","","","","","","","","","","","","","","","","","","","","","","","","","","","","","","","","collection","","","","","","https://fernandafamiliar.soy/wp-json/wp/v2/posts",""
"","","","","","","","","","","","","","","","","","","","","","","","","","","","","","","","","","","","","about","","","","","","https://fernandafamiliar.soy/wp-json/wp/v2/types/post",""
"","","","","","","","","","","","","","","","","","","","","","","","","","","","","","","","","","","","","author","","","","","True","https://fernandafamiliar.soy/wp-json/wp/v2/users/85",""
"","","","","","","","","","","","","","","","","","","","","","","","","","","","","","","","","","","","","replies","","","","","True","https://fernandafamiliar.soy/wp-json/wp/v2/comments?post=247494",""
"","","","","","","","","","","","","","","","","","","","","","","","","","","","","","","","","","","","","version-history","","","","2","","https://fernandafamiliar.soy/wp-json/wp/v2/posts/247494/revisions",""
"","","","","","","","","","","","","","","","","","","","","","","","","","","","","","","","","","","","","predecessor-version","","","247500","","","https://fernandafamiliar.soy/wp-json/wp/v2/posts/247494/revisions/247500",""
"","","","","","","","","","","","","","","","","","","","","","","","","","","","","","","","","","","","","wp:featuredmedia","","","","","True","https://fernandafamiliar.soy/wp-json/wp/v2/media/247498",""
"","","","","","","","","","","","","","","","","","","","","","","","","","","","","","","","","","","","","wp:attachment","","","","","","https://fernandafamiliar.soy/wp-json/wp/v2/media?parent=247494",""
"","","","","","","","","","","","","","","","","","","","","","","","","","","","","","","","","","","","","wp:term","","category","","","True","https://fernandafamiliar.soy/wp-json/wp/v2/categories?post=247494",""
"","","","","","","","","","","","","","","","","","","","","","","","","","","","","","","","","","","","","","","post_tag","","","True","https://fernandafamiliar.soy/wp-json/wp/v2/tags?post=247494",""
"","","","","","","","","","","","","","","","","","","","","","","","","","","","","","","","","","","","","curies","wp","","","","","https://api.w.org/{rel}","True"
"247491","2020-06-11T11:39:04","2020-06-11T16:39:04","https://fernandafamiliar.soy/?p=247491","2020-06-11T11:39:12","2020-06-11T16:39:12","peso-mexicano-y-bolsa-se-hunden","publish","post","https://fernandafamiliar.soy/noticias/dinero/peso-mexicano-y-bolsa-se-hunden/","Peso mexicano y bolsa se hunden","<p>El peso mexicano y la bolsa caían con fuerza el jueves tras conocerse débiles datos de la producción industrial local, y proyecciones económicas de la Reserva Federal de Estados Unidos que opacaron expectativas de que la economía mundial se recuperará rápidamente de la pandemia del coronavirus.</p><p>* La moneda local cotizaba en 22.5188 por dólar, con una caída de un 3.03% frente a los 21.8570 del precio de referencia de Reuters del miércoles. Antes, llegó a depreciarse hasta las 22.5930 unidades.</p><p>* Mientras tanto, el referencial índice S&amp;P/BMV IPC, integrado por las acciones de las 35 firmas más líquidas del mercado, caía un 3.31% a 37,0001.01 puntos, a las 11.17 hora local (1617 GMT), con un volumen de 58.3 millones de títulos negociados.</p><p>* La actividad industrial de México sufrió en abril una contracción histórica golpeada por un desempeño negativo de la construcción y del sector manufacturero debido a los efectos de la pandemia del coronavirus. El Indicador Mensual de la Actividad Industrial (IMAI) registró una caída real de 25.1% en abril respecto al mes previo.</p><p>* «Aunque se anticipaba un comportamiento de esta naturaleza, la materialización de un daño muy significativo en abril no deja de ser una noticia lamentable para la economía», dijo Monex en un reporte. «Consideramos que varios de los riesgos que aparecían en el horizonte durante el primer trimestre se han materializado», añadió.</p><p>* La Fed proyectó el miércoles que la economía estadounidense se contraerá un 6.5% en 2020 y que la tasa de desempleo será de 9.3% para fines de este año.</p><p>* En el mercado de deuda, el rendimiento del bono a 10 años se mantenía estable en 6.13%, al igual que la tasa a 20 años, que operaba en 7.03%. <br><br><br><em>Información de Reuters</em></p>","False","<p>El peso mexicano y la bolsa caían con fuerza el jueves tras conocerse débiles datos de la producción industrial local&#8230;</p>","False","85","217723","open","open","False","","standard","","","14154","","","","","","","","","","https://fernandafamiliar.soy/wp-content/uploads/2018/08/Peso-Mexicano.jpg","https://wp.me/p794bQ-12nN","self","","","","","","https://fernandafamiliar.soy/wp-json/wp/v2/posts/247491",""
"","","","","","","","","","","","","","","","","","","","","","","","","","","","","","","","","","","","","collection","","","","","","https://fernandafamiliar.soy/wp-json/wp/v2/posts",""
"","","","","","","","","","","","","","","","","","","","","","","","","","","","","","","","","","","","","about","","","","","","https://fernandafamiliar.soy/wp-json/wp/v2/types/post",""
"","","","","","","","","","","","","","","","","","","","","","","","","","","","","","","","","","","","","author","","","","","True","https://fernandafamiliar.soy/wp-json/wp/v2/users/85",""
"","","","","","","","","","","","","","","","","","","","","","","","","","","","","","","","","","","","","replies","","","","","True","https://fernandafamiliar.soy/wp-json/wp/v2/comments?post=247491",""
"","","","","","","","","","","","","","","","","","","","","","","","","","","","","","","","","","","","","version-history","","","","2","","https://fernandafamiliar.soy/wp-json/wp/v2/posts/247491/revisions",""
"","","","","","","","","","","","","","","","","","","","","","","","","","","","","","","","","","","","","predecessor-version","","","247493","","","https://fernandafamiliar.soy/wp-json/wp/v2/posts/247491/revisions/247493",""
"","","","","","","","","","","","","","","","","","","","","","","","","","","","","","","","","","","","","wp:featuredmedia","","","","","True","https://fernandafamiliar.soy/wp-json/wp/v2/media/217723",""
"","","","","","","","","","","","","","","","","","","","","","","","","","","","","","","","","","","","","wp:attachment","","","","","","https://fernandafamiliar.soy/wp-json/wp/v2/media?parent=247491",""
"","","","","","","","","","","","","","","","","","","","","","","","","","","","","","","","","","","","","wp:term","","category","","","True","https://fernandafamiliar.soy/wp-json/wp/v2/categories?post=247491",""
"","","","","","","","","","","","","","","","","","","","","","","","","","","","","","","","","","","","","","","post_tag","","","True","https://fernandafamiliar.soy/wp-json/wp/v2/tags?post=247491",""
"","","","","","","","","","","","","","","","","","","","","","","","","","","","","","","","","","","","","curies","wp","","","","","https://api.w.org/{rel}","True"
"247489","2020-06-11T11:30:55","2020-06-11T16:30:55","https://fernandafamiliar.soy/?p=247489","2020-06-11T11:31:01","2020-06-11T16:31:01","astrazeneca-y-emergent-biosolutions-pactan-para-vacuna-de-covid-19","publish","post","https://fernandafamiliar.soy/noticias/salud/astrazeneca-y-emergent-biosolutions-pactan-para-vacuna-de-covid-19/","AstraZeneca y Emergent BioSolutions pactan para vacuna de COVID-19","<p>Emergent BioSolutions Inc dijo el jueves que firmó un acuerdo por 87 millones de dólares para fabricar la vacuna experimental para COVID-19 de AstraZeneca Plc en Estados Unidos, impulsando los esfuerzos de la empresa británica para llevar una vacuna al mercado.</p><p>El acuerdo se anunció semanas después de que Estados Unidos prometió hasta 1.200 millones de dólares para asegurar 300 millones de dosis de la vacuna AstraZeneca, una de las primeras en pasar a ensayos de etapa intermedia.</p><p>AstraZeneca ha dicho que los primeros indicios de la efectividad de su vacuna probablemente estarán disponible en junio o julio. Sin embargo, los expertos han advertido que tener una vacuna segura y efectiva podría tomar de 12 a 18 meses desde el inicio del desarrollo.</p><p>Bajo el acuerdo, Emergent dijo que la fabricación a gran escala de la vacuna se realizará en un centro que tiene la capacidad de producir hasta cientos de millones de dosis anualmente.</p><p>La empresa, que también firmó un acuerdo con Johnson &amp; Johnson para fabricar su vacuna para COVID-19, dijo que reservaría parte de su capacidad de fabricación a gran escala este año para AstraZeneca.<br><br><br><em>Información de Reuters</em></p>","False","<p>Emergent BioSolutions Inc dijo el jueves que firmó un acuerdo por 87 millones de dólares para fabricar la vacuna experimental para COVID-19&#8230;</p>","False","85","246053","open","open","False","","standard","","","136","24591","23156","24881","19851","24594","","","","","https://fernandafamiliar.soy/wp-content/uploads/2020/05/dimitri-houtteman-qBhpPxW3ESs-unsplash-2-scaled.jpg","https://wp.me/p794bQ-12nL","self","","","","","","https://fernandafamiliar.soy/wp-json/wp/v2/posts/247489",""
"","","","","","","","","","","","","","","","","","","","","","","","","","","","","","","","","","","","","collection","","","","","","https://fernandafamiliar.soy/wp-json/wp/v2/posts",""
"","","","","","","","","","","","","","","","","","","","","","","","","","","","","","","","","","","","","about","","","","","","https://fernandafamiliar.soy/wp-json/wp/v2/types/post",""
"","","","","","","","","","","","","","","","","","","","","","","","","","","","","","","","","","","","","author","","","","","True","https://fernandafamiliar.soy/wp-json/wp/v2/users/85",""
"","","","","","","","","","","","","","","","","","","","","","","","","","","","","","","","","","","","","replies","","","","","True","https://fernandafamiliar.soy/wp-json/wp/v2/comments?post=247489",""
"","","","","","","","","","","","","","","","","","","","","","","","","","","","","","","","","","","","","version-history","","","","1","","https://fernandafamiliar.soy/wp-json/wp/v2/posts/247489/revisions",""
"","","","","","","","","","","","","","","","","","","","","","","","","","","","","","","","","","","","","predecessor-version","","","247490","","","https://fernandafamiliar.soy/wp-json/wp/v2/posts/247489/revisions/247490",""
"","","","","","","","","","","","","","","","","","","","","","","","","","","","","","","","","","","","","wp:featuredmedia","","","","","True","https://fernandafamiliar.soy/wp-json/wp/v2/media/246053",""
"","","","","","","","","","","","","","","","","","","","","","","","","","","","","","","","","","","","","wp:attachment","","","","","","https://fernandafamiliar.soy/wp-json/wp/v2/media?parent=247489",""
"","","","","","","","","","","","","","","","","","","","","","","","","","","","","","","","","","","","","wp:term","","category","","","True","https://fernandafamiliar.soy/wp-json/wp/v2/categories?post=247489",""
"","","","","","","","","","","","","","","","","","","","","","","","","","","","","","","","","","","","","","","post_tag","","","True","https://fernandafamiliar.soy/wp-json/wp/v2/tags?post=247489",""
"","","","","","","","","","","","","","","","","","","","","","","","","","","","","","","","","","","","","curies","wp","","","","","https://api.w.org/{rel}","True"
